name,images
AJ_Cook,1
AJ_Lamas,1
Aaron_Eckhart,1
Aaron_Guiel,1
Aaron_Patterson,1
Aaron_Peirsol,4
Aaron_Pena,1
Aaron_Sorkin,2
Aaron_Tippin,1
Abba_Eban,1
Abbas_Kiarostami,1
Abdel_Aziz_Al-Hakim,1
Abdel_Madi_Shabneh,1
Abdel_Nasser_Assidi,2
Abdoulaye_Wade,4
Abdul_Majeed_Shobokshi,1
Abdul_Rahman,1
Abdulaziz_Kamilov,1
Abdullah,4
Abdullah_Ahmad_Badawi,1
Abdullah_Gul,19
Abdullah_Nasseef,1
Abdullah_al-Attiyah,3
Abdullatif_Sener,2
Abel_Aguilar,1
Abel_Pacheco,4
Abid_Hamid_Mahmud_Al-Tikriti,3
Abner_Martinez,1
Abraham_Foxman,1
Aby_Har-Even,1
Adam_Ant,1
Adam_Freier,1
Adam_Herbert,1
Adam_Kennedy,1
Adam_Mair,1
Adam_Rich,1
Adam_Sandler,4
Adam_Scott,2
Adel_Al-Jubeir,3
Adelina_Avila,1
Adisai_Bodharamik,1
Adolfo_Aguilar_Zinser,3
Adolfo_Rodriguez_Saa,2
Adoor_Gopalakarishnan,1
Adrian_Annus,1
Adrian_Fernandez,1
Adrian_McPherson,2
Adrian_Murrell,1
Adrian_Nastase,2
Adriana_Lima,1
Adriana_Perez_Navarro,1
Adrianna_Zuzic,1
Adrien_Brody,12
Afton_Smith,1
Agbani_Darego,1
Agnelo_Queiroz,1
Agnes_Bruckner,1
Ahmad_Jbarah,1
Ahmad_Masood,2
Ahmed_Ahmed,1
Ahmed_Chalabi,5
Ahmed_Ghazi,1
Ahmed_Ibrahim_Bilal,1
Ahmed_Lopez,1
Ahmed_Qureia,1
Ahmet_Demir,1
Ahmet_Necdet_Sezer,2
Ai_Sugiyama,5
Aicha_El_Ouafi,3
Aidan_Quinn,1
Aileen_Riggin_Soule,1
Ain_Seppik,1
Ainsworth_Dyer,1
Aishwarya_Rai,1
Aitor_Gonzalez,2
Aiysha_Smith,1
Ajit_Agarkar,1
Akbar_Al_Baker,1
Akbar_Hashemi_Rafsanjani,3
Akhmed_Zakayev,3
Akiko_Morigami,1
Akmal_Taher,1
Al_Cardenas,1
Al_Davis,2
Al_Gore,8
Al_Leiter,1
Al_Pacino,3
Al_Sharpton,7
Alain_Cervantes,1
Alain_Ducasse,1
Alan_Ball,2
Alan_Dershowitz,1
Alan_Dreher,1
Alan_Greenspan,5
Alan_Greer,1
Alan_Jackson,1
Alan_Mulally,2
Alan_Stonecipher,1
Alan_Tang_Kwong-wing,1
Alan_Trammell,1
Alan_Zemaitis,1
Alanis_Morissette,1
Alanna_Ubach,1
Alastair_Campbell,5
Alastair_Johnston,1
Albaro_Recoba,1
Albert_Brooks,1
Albert_Costa,6
Albert_Montanes,1
Albert_Pujols,1
Alberta_Lee,1
Alberto_Acosta,1
Alberto_Fujimori,2
Alberto_Gonzales,1
Alberto_Ruiz_Gallardon,2
Alberto_Sordi,1
Albrecht_Mentz,2
Aldo_Paredes,2
Alec_Baldwin,4
Alecos_Markides,1
Alejandro_Atchugarry,2
Alejandro_Avila,3
Alejandro_Fernandez,1
Alejandro_Gonzalez_Inarritu,1
Alejandro_Lembo,1
Alejandro_Lerner,1
Alejandro_Lopez,1
Alejandro_Toledo,39
Alek_Wek,1
Aleksander_Kwasniewski,4
Aleksander_Voloshin,1
Alessandra_Cerna,1
Alessandro_Nesta,1
Alex_Barros,2
Alex_Cabrera,1
Alex_Cejka,1
Alex_Corretja,1
Alex_Ferguson,1
Alex_Gonzalez,1
Alex_Holmes,1
Alex_King,1
Alex_Penelas,2
Alex_Popov,1
Alex_Sink,3
Alex_Wallau,1
Alex_Zanardi,1
Alexa_Loren,1
Alexa_Vega,1
Alexander_Downer,4
Alexander_Losyukov,4
Alexander_Lukashenko,1
Alexander_Payne,1
Alexander_Rumyantsev,2
Alexandra_Jackson,1
Alexandra_Pelosi,1
Alexandra_Rozovskaya,1
Alexandra_Spann,1
Alexandra_Stevenson,3
Alexandra_Vodjanikova,2
Alexandre_Daigle,1
Alexandre_Despatie,1
Alexandre_Herchcovitch,1
Alexandre_Vinokourov,1
Alexis_Bledel,1
Alexis_Dennisoff,1
Alfonso_Cuaron,1
Alfonso_Portillo,1
Alfonso_Soriano,1
Alfred_Ford,1
Alfred_Sant,1
Alfredo_Moreno,1
Alfredo_Pena,1
Alfredo_di_Stefano,1
Ali_Abbas,2
Ali_Abdullah_Saleh,1
Ali_Adbul_Karim_Madani,1
Ali_Ahmeti,1
Ali_Bin_Hussein,1
Ali_Fallahian,1
Ali_Hammoud,1
Ali_Khamenei,3
Ali_Mohammed_Maher,1
Ali_Naimi,8
Alice_Fisher,2
Alicia_Hollowell,1
Alicia_Keys,1
Alicia_Molik,1
Alicia_Silverstone,2
Alicia_Witt,1
Alimzhan_Tokhtakhounov,2
Alina_Kabaeva,1
Aline_Chretien,1
Alisha_Richman,1
Alison_Krauss,1
Alison_Lohman,2
Alistair_MacDonald,1
Allan_Houston,1
Allan_Kemakeza,1
Allan_Wagner,1
Allen_Iverson,2
Allen_Rock,1
Allison_Janney,2
Allison_Searing,1
Ally_Sheedy,1
Allyson_Felix,5
Alma_Powell,1
Almeida_Baptista,1
Alonzo_Mourning,1
Alvaro_Noboa,3
Alvaro_Silva_Calderon,4
Alvaro_Uribe,35
Aly_Wagner,1
Alyse_Beaupre,1
Alyson_Hannigan,1
Amanda_Beard,2
Amanda_Bynes,4
Amanda_Coetzer,2
Amanda_Marsh,1
Amanda_Plumer,1
Amber_Frey,1
Amber_Tamblyn,2
Ambrose_Lee,1
Amelia_Vega,7
Amelie_Mauresmo,21
Amer_al-Saadi,4
Amporn_Falise,1
Amr_Moussa,1
Amram_Mitzna,2
Amy_Brenneman,1
Amy_Cotton,1
Amy_Gale,1
Amy_Pascal,1
Amy_Redford,1
Amy_Smart,1
Amy_Yasbeck,1
AnFernce_Negron,1
Ana_Claudia_Talancon,1
Ana_Guevara,7
Ana_Isabel_Sanchez,1
Ana_Palacio,8
Ana_Paula_Gerard,1
Ana_Sebastiao,1
Anastasia_Kelesidou,1
Anastasia_Myskina,3
Anatoliy_Kinakh,1
Anders_Ebbeson,3
Anders_Fogh_Rasmussen,4
Anderson_Varejao,1
Andre_Agassi,36
Andre_Bucher,1
Andre_Lange,1
Andre_Smith,1
Andre_Techine,1
Andrea_Bocelli,1
Andrea_De_Cruz,1
Andrea_Kiser,1
Andrea_Yates,1
Andreas_Vinciguerra,1
Andrei_Konchalovsky,1
Andrei_Mikhnevich,2
Andrei_Nikolishin,1
Andres_DAlessandro,1
Andres_Manuel_Lopez_Obrador,1
Andres_Pastrana,1
Andrew_Bernard,1
Andrew_Bunner,2
Andrew_Caldecott,1
Andrew_Cuomo,2
Andrew_Fastow,1
Andrew_Firestone,1
Andrew_Gilligan,1
Andrew_Jarecki,1
Andrew_Luster,1
Andrew_Niccol,2
Andrew_Sabey,1
Andrew_Shutley,1
Andrew_Weissmann,3
Andrew_Wetzler,1
Andrzej_Tyszkiewicz,1
Andy_Benes,1
Andy_Bryant,1
Andy_Dick,1
Andy_Garcia,1
Andy_Graves,1
Andy_Griffith,1
Andy_Griggs,1
Andy_Hebb,2
Andy_Lau,1
Andy_Madikians,1
Andy_North,1
Andy_Perez,1
Andy_Roddick,15
Andy_Rooney,1
Andy_Warhol,1
Andy_Wisecarver,1
Anette_Hosoi,1
Angel_Lockward,1
Angel_Maza,1
Angela_Alvarado_Rosa,1
Angela_Bassett,6
Angela_Lansbury,2
Angela_Mascia-Frye,1
Angela_Merkel,5
Angelica_Romero,1
Angelina_Jolie,20
Angelo_Genova,1
Angelo_Reyes,4
Angie_Arzola,1
Angie_Martinez,1
Anibal_Ibarra,3
Anil_Ramsook,1
Anita_DeFrantz,1
Anja_Paerson,1
Anjum_Hussain,1
Ann_Godbehere,1
Ann_Landers,1
Ann_Morgan,1
Ann_Veneman,11
Anna_Chicherova,1
Anna_Faris,1
Anna_Jones,1
Anna_Kournikova,12
Anna_Nicole_Smith,2
Anne_Cavers,1
Anne_Donovan,1
Anne_Heche,1
Anne_Krueger,3
Anne_McLellan,3
Anne_ONeil,1
Anneli_Jaatteenmaki,2
Annette_Bening,2
Annette_Lu,3
Annie-Jeanne_Reynaud,1
Annie_Chaplin,1
Annie_Machon,1
Annika_Sorenstam,1
Antanas_Valionis,1
Anthony_Carter,1
Anthony_Corso,1
Anthony_Ervin,1
Anthony_Fauci,2
Anthony_Garotinho,1
Anthony_Hazen,1
Anthony_Hopkins,2
Anthony_LaPaglia,2
Anthony_Lee_Johnson,1
Anthony_Mazur,1
Anthony_Pico,1
Anthony_Pisciotti,1
Anthony_Principi,1
Anthony_Rackauckas,1
Anthony_Scott_Miller,1
Antje_Buschschulte,1
Anton_Balasingham,1
Antonio_Banderas,5
Antonio_Bernardo,1
Antonio_Cassano,1
Antonio_Catania,1
Antonio_Elias_Saca,1
Antonio_Palocci,8
Antonio_Trillanes,3
Antony_Leung,4
Antwun_Echols,1
Anwar_Ibrahim,2
Anzori_Kikalishvili,1
Aparna_Pillai,1
Aram_Adler,1
Arantxa_Sanchez-Vicario,2
Aretha_Franklin,1
Ari_Bousbib,1
Ari_Fleischer,13
Arianna_Huffington,4
Arie_Haan,1
Ariel_Sharon,77
Arif_Mardin,1
Arlen_Specter,3
Armand_Sargen,1
Armando_Avila_Panchame,1
Armando_Calderon_Sol,1
Armando_Carrillo,1
Arminio_Fraga,6
Arnaud_Clement,2
Arnaud_Lagardere,1
Arnie_Boehm,1
Arnold_Palmer,3
Arnold_Schwarzenegger,42
Arnold_Scott,1
Arnoldo_Aleman,5
Aron_Ralston,2
Arsinee_Khanjian,2
Art_Cooper,1
Art_Hoffmann,2
Art_Howe,4
Art_Lopez,1
Arthur_Johnson,1
Arthur_Martinez,1
Artieas_Shanks,1
Arturo_Gatti,3
Arye_Mekel,2
Asa_Hutchinson,2
Ascencion_Barajas,1
Ashanti,5
Ashlea_Talbot,1
Ashley_Judd,1
Ashley_Olsen,1
Ashley_Postell,1
Ashraf_Alasmar,1
Ashraf_Ghani,1
Ashton_Kutcher,3
Asif_Ali_Zardari,1
Asif_Hanif,1
Askar_Akayev,1
Asmaa_Assad,1
Assad_Ahmadi,1
Astou_Ndiaye-Diatta,1
Astrid_Betancourt,1
Astrid_Eyzaguirre,1
Atal_Bihari_Vajpayee,24
Ataollah_Mohajerani,1
Atiabet_Ijan_Amabel,1
Atom_Egoyan,1
Atsushi_Sato,1
Audrey_Lacroix,1
Audrey_Sauret,1
Augustin_Calleri,4
Augusto_Pinochet,2
Augusto_Roa_Bastos,2
Aung_San_Suu_Kyi,2
Austin_Kearns,1
Avril_Lavigne,1
Azmi_Bishara,1
Azra_Akin,4
